what,kind,bundleId,bundleVersion,description,time
deactivated,workbench,org.eclipse.ui.workbench,3.6.1.M20100826-1330,"",1633677999988
activated,workbench,org.eclipse.ui.workbench,3.6.1.M20100826-1330,"",1633678002295
activated,view,com.altera.sbtgui.launch,11.0.0.208,"com.altera.sbtgui.launch.hardware.ByteStreamConsoleView",1633678011233
activated,view,org.eclipse.ui.console,3.5.0.v20100526,"org.eclipse.ui.console.ConsoleView",1633678023315
activated,view,com.altera.sbtgui.launch,11.0.0.208,"com.altera.sbtgui.launch.hardware.ByteStreamConsoleView",1633678038207
activated,editor,org.eclipse.cdt.ui,5.2.1.201009141542,"org.eclipse.cdt.ui.editor.CEditor",1633678072243
executed,command,org.eclipse.ui,3.6.1.M20100826-1330,"org.eclipse.ui.edit.cut",1633678077448
executed,command,org.eclipse.ui,3.6.1.M20100826-1330,"org.eclipse.ui.edit.paste",1633678086292
activated,view,org.eclipse.ui.navigator.resources,3.4.201.M20100707-0800,"org.eclipse.ui.navigator.ProjectExplorer",1633678098395
deactivated,workbench,org.eclipse.ui.workbench,3.6.1.M20100826-1330,"",1633678100028
activated,workbench,org.eclipse.ui.workbench,3.6.1.M20100826-1330,"",1633678102264
deactivated,workbench,org.eclipse.ui.workbench,3.6.1.M20100826-1330,"",1633678108077
activated,workbench,org.eclipse.ui.workbench,3.6.1.M20100826-1330,"",1633678110359
executed,command,,,"com.altera.sbtgui.launch.hardware.Nios2HardwareLaunchShortcut.run",1633678111485
deactivated,workbench,org.eclipse.ui.workbench,3.6.1.M20100826-1330,"",1633678111512
activated,workbench,org.eclipse.ui.workbench,3.6.1.M20100826-1330,"",1633678113837
activated,view,com.altera.sbtgui.launch,11.0.0.208,"com.altera.sbtgui.launch.hardware.ByteStreamConsoleView",1633678123185
activated,view,org.eclipse.ui.console,3.5.0.v20100526,"org.eclipse.ui.console.ConsoleView",1633678134964
activated,view,com.altera.sbtgui.launch,11.0.0.208,"com.altera.sbtgui.launch.hardware.ByteStreamConsoleView",1633678149388
activated,editor,org.eclipse.cdt.ui,5.2.1.201009141542,"org.eclipse.cdt.ui.editor.CEditor",1633678165490
activated,view,org.eclipse.ui.navigator.resources,3.4.201.M20100707-0800,"org.eclipse.ui.navigator.ProjectExplorer",1633678195844
deactivated,workbench,org.eclipse.ui.workbench,3.6.1.M20100826-1330,"",1633678198856
activated,workbench,org.eclipse.ui.workbench,3.6.1.M20100826-1330,"",1633678201540
executed,command,,,"com.altera.sbtgui.launch.hardware.Nios2HardwareLaunchShortcut.run",1633678202648
deactivated,workbench,org.eclipse.ui.workbench,3.6.1.M20100826-1330,"",1633678202662
activated,workbench,org.eclipse.ui.workbench,3.6.1.M20100826-1330,"",1633678206191
activated,view,com.altera.sbtgui.launch,11.0.0.208,"com.altera.sbtgui.launch.hardware.ByteStreamConsoleView",1633678215395
activated,editor,org.eclipse.cdt.ui,5.2.1.201009141542,"org.eclipse.cdt.ui.editor.CEditor",1633678226832
activated,view,org.eclipse.ui.navigator.resources,3.4.201.M20100707-0800,"org.eclipse.ui.navigator.ProjectExplorer",1633678261949
deactivated,workbench,org.eclipse.ui.workbench,3.6.1.M20100826-1330,"",1633678269827
activated,workbench,org.eclipse.ui.workbench,3.6.1.M20100826-1330,"",1633678272306
executed,command,,,"com.altera.sbtgui.launch.hardware.Nios2HardwareLaunchShortcut.run",1633678273498
deactivated,workbench,org.eclipse.ui.workbench,3.6.1.M20100826-1330,"",1633678273522
activated,workbench,org.eclipse.ui.workbench,3.6.1.M20100826-1330,"",1633678275483
deactivated,workbench,org.eclipse.ui.workbench,3.6.1.M20100826-1330,"",1633678279557
activated,view,com.altera.sbtgui.launch,11.0.0.208,"com.altera.sbtgui.launch.hardware.ByteStreamConsoleView",1633678284517
activated,workbench,org.eclipse.ui.workbench,3.6.1.M20100826-1330,"",1633678295865
activated,view,org.eclipse.ui.console,3.5.0.v20100526,"org.eclipse.ui.console.ConsoleView",1633678295872
activated,view,com.altera.sbtgui.launch,11.0.0.208,"com.altera.sbtgui.launch.hardware.ByteStreamConsoleView",1633678310779
activated,editor,org.eclipse.cdt.ui,5.2.1.201009141542,"org.eclipse.cdt.ui.editor.CEditor",1633678313173
executed,command,org.eclipse.ui,3.6.1.M20100826-1330,"org.eclipse.ui.edit.delete",1633678322337
executed,command,org.eclipse.ui,3.6.1.M20100826-1330,"org.eclipse.ui.edit.delete",1633678322473
executed,command,org.eclipse.ui,3.6.1.M20100826-1330,"org.eclipse.ui.edit.delete",1633678322692
executed,command,org.eclipse.ui,3.6.1.M20100826-1330,"org.eclipse.ui.edit.delete",1633678322847
executed,command,org.eclipse.ui,3.6.1.M20100826-1330,"org.eclipse.ui.edit.delete",1633678323009
executed,command,org.eclipse.ui,3.6.1.M20100826-1330,"org.eclipse.ui.edit.delete",1633678323169
executed,command,org.eclipse.ui,3.6.1.M20100826-1330,"org.eclipse.ui.edit.delete",1633678323338
executed,command,org.eclipse.ui,3.6.1.M20100826-1330,"org.eclipse.ui.edit.delete",1633678323593
executed,command,org.eclipse.ui,3.6.1.M20100826-1330,"org.eclipse.ui.edit.delete",1633678323761
executed,command,org.eclipse.ui,3.6.1.M20100826-1330,"org.eclipse.ui.edit.delete",1633678323946
executed,command,org.eclipse.ui,3.6.1.M20100826-1330,"org.eclipse.ui.edit.delete",1633678324281
executed,command,org.eclipse.ui,3.6.1.M20100826-1330,"org.eclipse.ui.edit.delete",1633678327385
executed,command,org.eclipse.ui,3.6.1.M20100826-1330,"org.eclipse.ui.edit.delete",1633678327545
executed,command,org.eclipse.ui,3.6.1.M20100826-1330,"org.eclipse.ui.edit.delete",1633678327712
executed,command,org.eclipse.ui,3.6.1.M20100826-1330,"org.eclipse.ui.edit.delete",1633678327841
executed,command,org.eclipse.ui,3.6.1.M20100826-1330,"org.eclipse.ui.edit.delete",1633678328008
executed,command,org.eclipse.ui,3.6.1.M20100826-1330,"org.eclipse.ui.edit.delete",1633678328160
executed,command,org.eclipse.ui,3.6.1.M20100826-1330,"org.eclipse.ui.edit.delete",1633678328368
executed,command,org.eclipse.ui,3.6.1.M20100826-1330,"org.eclipse.ui.edit.delete",1633678328608
executed,command,org.eclipse.ui,3.6.1.M20100826-1330,"org.eclipse.ui.edit.delete",1633678328839
executed,command,org.eclipse.ui,3.6.1.M20100826-1330,"org.eclipse.ui.edit.delete",1633678329153
deactivated,workbench,org.eclipse.ui.workbench,3.6.1.M20100826-1330,"",1633678331490
activated,workbench,org.eclipse.ui.workbench,3.6.1.M20100826-1330,"",1633678333083
activated,view,org.eclipse.ui.navigator.resources,3.4.201.M20100707-0800,"org.eclipse.ui.navigator.ProjectExplorer",1633678334411
deactivated,workbench,org.eclipse.ui.workbench,3.6.1.M20100826-1330,"",1633678336126
activated,workbench,org.eclipse.ui.workbench,3.6.1.M20100826-1330,"",1633678338114
deactivated,workbench,org.eclipse.ui.workbench,3.6.1.M20100826-1330,"",1633678344139
activated,workbench,org.eclipse.ui.workbench,3.6.1.M20100826-1330,"",1633678346566
executed,command,,,"com.altera.sbtgui.launch.hardware.Nios2HardwareLaunchShortcut.run",1633678347742
deactivated,workbench,org.eclipse.ui.workbench,3.6.1.M20100826-1330,"",1633678347777
activated,workbench,org.eclipse.ui.workbench,3.6.1.M20100826-1330,"",1633678349196
activated,view,com.altera.sbtgui.launch,11.0.0.208,"com.altera.sbtgui.launch.hardware.ByteStreamConsoleView",1633678358220
activated,view,org.eclipse.ui.console,3.5.0.v20100526,"org.eclipse.ui.console.ConsoleView",1633678369670
activated,view,com.altera.sbtgui.launch,11.0.0.208,"com.altera.sbtgui.launch.hardware.ByteStreamConsoleView",1633678384451
deactivated,workbench,org.eclipse.ui.workbench,3.6.1.M20100826-1330,"",1633678582742
activated,perspective,com.altera.sbtgui.ui,,"com.altera.sbtgui.ui.cPerspective",1633685468101
started,bundle,org.eclipse.osgi,3.6.1.R36x_v20100806,"org.eclipse.osgi",1633685468103
started,bundle,org.eclipse.equinox.simpleconfigurator,1.0.200.v20100503,"org.eclipse.equinox.simpleconfigurator",1633685468105
started,bundle,com.ibm.icu,4.2.1.v20100412,"com.ibm.icu",1633685468106
started,bundle,org.eclipse.cdt.core,5.2.1.201009141542,"org.eclipse.cdt.core",1633685468106
started,bundle,org.eclipse.cdt.make.core,7.0.0.201009141542,"org.eclipse.cdt.make.core",1633685468108
started,bundle,org.eclipse.cdt.make.ui,7.0.0.201009141542,"org.eclipse.cdt.make.ui",1633685468109
started,bundle,org.eclipse.cdt.managedbuilder.core,7.0.1.201009141542,"org.eclipse.cdt.managedbuilder.core",1633685468112
started,bundle,org.eclipse.cdt.managedbuilder.gnu.ui,7.0.0.201009141542,"org.eclipse.cdt.managedbuilder.gnu.ui",1633685468114
started,bundle,org.eclipse.cdt.ui,5.2.1.201009141542,"org.eclipse.cdt.ui",1633685468114
started,bundle,org.eclipse.compare.core,3.5.100.I20100526-0800,"org.eclipse.compare.core",1633685468115
started,bundle,org.eclipse.core.contenttype,3.4.100.v20100505-1235,"org.eclipse.core.contenttype",1633685468117
started,bundle,org.eclipse.core.databinding.observable,1.3.0.I20100601-0800,"org.eclipse.core.databinding.observable",1633685468119
started,bundle,org.eclipse.core.expressions,3.4.200.v20100505,"org.eclipse.core.expressions",1633685468120
started,bundle,org.eclipse.core.filebuffers,3.5.100.v20100520-0800,"org.eclipse.core.filebuffers",1633685468121
started,bundle,org.eclipse.core.filesystem,1.3.1.R36x_v20100727-0745,"org.eclipse.core.filesystem",1633685468123
started,bundle,org.eclipse.core.jobs,3.5.1.R36x_v20100824,"org.eclipse.core.jobs",1633685468124
started,bundle,org.eclipse.core.net,1.2.100.I20100511-0800,"org.eclipse.core.net",1633685468125
started,bundle,org.eclipse.core.resources,3.6.0.R36x_v20100825-0600,"org.eclipse.core.resources",1633685468127
started,bundle,org.eclipse.core.runtime,3.6.0.v20100505,"org.eclipse.core.runtime",1633685468129
started,bundle,org.eclipse.core.runtime.compatibility,3.2.100.v20100505,"org.eclipse.core.runtime.compatibility",1633685468130
started,bundle,org.eclipse.core.runtime.compatibility.auth,3.2.200.v20100517,"org.eclipse.core.runtime.compatibility.auth",1633685468132
started,bundle,org.eclipse.core.variables,3.2.400.v20100505,"org.eclipse.core.variables",1633685468159
started,bundle,org.eclipse.debug.core,3.6.0.v20100519,"org.eclipse.debug.core",1633685468160
started,bundle,org.eclipse.epp.usagedata.gathering,1.3.0.R201005261100,"org.eclipse.epp.usagedata.gathering",1633685468160
started,bundle,org.eclipse.epp.usagedata.recording,1.3.0.R201005261100,"org.eclipse.epp.usagedata.recording",1633685468161
started,bundle,org.eclipse.equinox.app,1.3.1.R36x_v20100803,"org.eclipse.equinox.app",1633685468161
started,bundle,org.eclipse.equinox.common,3.6.0.v20100503,"org.eclipse.equinox.common",1633685468162
started,bundle,org.eclipse.equinox.ds,1.2.1.R36x_v20100803,"org.eclipse.equinox.ds",1633685468162
started,bundle,org.eclipse.equinox.event,1.2.0.v20100503,"org.eclipse.equinox.event",1633685468163
started,bundle,org.eclipse.equinox.p2.core,2.0.2.R36x_v20100804,"org.eclipse.equinox.p2.core",1633685468164
started,bundle,org.eclipse.equinox.p2.directorywatcher,1.0.202.R36x_v20100727,"org.eclipse.equinox.p2.directorywatcher",1633685468164
started,bundle,org.eclipse.equinox.p2.engine,2.0.0.v20100606,"org.eclipse.equinox.p2.engine",1633685468164
started,bundle,org.eclipse.equinox.p2.metadata,2.0.0.v20100601,"org.eclipse.equinox.p2.metadata",1633685468165
started,bundle,org.eclipse.equinox.p2.metadata.repository,1.1.0.v20100513,"org.eclipse.equinox.p2.metadata.repository",1633685468165
started,bundle,org.eclipse.equinox.p2.operations,2.0.0.v20100510,"org.eclipse.equinox.p2.operations",1633685468165
started,bundle,org.eclipse.equinox.p2.reconciler.dropins,1.1.0.v20100525,"org.eclipse.equinox.p2.reconciler.dropins",1633685468166
started,bundle,org.eclipse.equinox.p2.repository,2.0.1.R36x_v20100823,"org.eclipse.equinox.p2.repository",1633685468166
started,bundle,org.eclipse.equinox.p2.ui.sdk.scheduler,1.0.0.v20100507-1815,"org.eclipse.equinox.p2.ui.sdk.scheduler",1633685468166
started,bundle,org.eclipse.equinox.p2.updatechecker,1.1.101.R36x_v20100823,"org.eclipse.equinox.p2.updatechecker",1633685468167
started,bundle,org.eclipse.equinox.preferences,3.3.0.v20100503,"org.eclipse.equinox.preferences",1633685468167
started,bundle,org.eclipse.equinox.registry,3.5.0.v20100503,"org.eclipse.equinox.registry",1633685468167
started,bundle,org.eclipse.equinox.security,1.0.200.v20100503,"org.eclipse.equinox.security",1633685468168
started,bundle,org.eclipse.equinox.util,1.0.200.v20100503,"org.eclipse.equinox.util",1633685468168
started,bundle,org.eclipse.help,3.5.0.v20100524,"org.eclipse.help",1633685468169
started,bundle,org.eclipse.jface,3.6.1.M20100825-0800,"org.eclipse.jface",1633685468169
started,bundle,org.eclipse.jsch.core,1.1.200.I20100505-1245,"org.eclipse.jsch.core",1633685468170
started,bundle,org.eclipse.ltk.core.refactoring,3.5.100.v20100526-0800,"org.eclipse.ltk.core.refactoring",1633685468170
started,bundle,org.eclipse.ltk.ui.refactoring,3.5.0.v20100526-0800,"org.eclipse.ltk.ui.refactoring",1633685468171
started,bundle,org.eclipse.mylyn.bugzilla.core,3.4.2.v20100902-0100-e3x,"org.eclipse.mylyn.bugzilla.core",1633685468171
started,bundle,org.eclipse.mylyn.bugzilla.ui,3.4.2.v20100909-0100-e3x,"org.eclipse.mylyn.bugzilla.ui",1633685468171
started,bundle,org.eclipse.mylyn.commons.net,3.4.1.v20100625-2100-e3x,"org.eclipse.mylyn.commons.net",1633685468171
started,bundle,org.eclipse.mylyn.commons.ui,3.4.0.v20100608-0100-e3x,"org.eclipse.mylyn.commons.ui",1633685468171
started,bundle,org.eclipse.mylyn.context.core,3.4.1.v20100909-0100-e3x,"org.eclipse.mylyn.context.core",1633685468172
started,bundle,org.eclipse.mylyn.context.ui,3.4.1.v20100909-0100-e3x,"org.eclipse.mylyn.context.ui",1633685468172
started,bundle,org.eclipse.mylyn.monitor.ui,3.4.0.v20100608-0100-e3x,"org.eclipse.mylyn.monitor.ui",1633685468172
started,bundle,org.eclipse.mylyn.tasks.ui,3.4.2.v20100902-0100-e3x,"org.eclipse.mylyn.tasks.ui",1633685468173
started,bundle,org.eclipse.mylyn.team.ui,3.4.2.v20100909-0100-e3x,"org.eclipse.mylyn.team.ui",1633685468174
started,bundle,org.eclipse.search,3.6.0.v20100520-0800,"org.eclipse.search",1633685468174
started,bundle,org.eclipse.team.core,3.5.100.R36x_v20100825-0800,"org.eclipse.team.core",1633685468174
started,bundle,org.eclipse.team.cvs.core,3.3.300.I20100526-0800,"org.eclipse.team.cvs.core",1633685468175
started,bundle,org.eclipse.team.cvs.ui,3.3.301.R36x_v20100825-0800,"org.eclipse.team.cvs.ui",1633685468176
started,bundle,org.eclipse.team.ui,3.5.101.R36x_v20100825-0800,"org.eclipse.team.ui",1633685468176
started,bundle,org.eclipse.ui,3.6.1.M20100826-1330,"org.eclipse.ui",1633685468177
started,bundle,org.eclipse.ui.console,3.5.0.v20100526,"org.eclipse.ui.console",1633685468177
started,bundle,org.eclipse.ui.editors,3.6.1.r361_v20100825-0800,"org.eclipse.ui.editors",1633685468177
started,bundle,org.eclipse.ui.forms,3.5.2.r36_v20100702,"org.eclipse.ui.forms",1633685468187
started,bundle,org.eclipse.ui.ide,3.6.1.M20100825-0800,"org.eclipse.ui.ide",1633685468188
started,bundle,org.eclipse.ui.navigator,3.5.0.I20100601-0800,"org.eclipse.ui.navigator",1633685468188
started,bundle,org.eclipse.ui.navigator.resources,3.4.201.M20100707-0800,"org.eclipse.ui.navigator.resources",1633685468189
started,bundle,org.eclipse.ui.net,1.2.100.I20100505-1245,"org.eclipse.ui.net",1633685468189
started,bundle,org.eclipse.ui.views,3.5.0.I20100527-0800,"org.eclipse.ui.views",1633685468189
started,bundle,org.eclipse.ui.workbench,3.6.1.M20100826-1330,"org.eclipse.ui.workbench",1633685468190
started,bundle,org.eclipse.ui.workbench.texteditor,3.6.1.r361_v20100714-0800,"org.eclipse.ui.workbench.texteditor",1633685468190
started,bundle,org.eclipse.update.configurator,3.3.100.v20100512,"org.eclipse.update.configurator",1633685468191
started,bundle,org.eclipse.update.core,3.2.402.R36x_v20100629,"org.eclipse.update.core",1633685468191
started,bundle,org.eclipse.update.scheduler,3.2.300.v20100512,"org.eclipse.update.scheduler",1633685468192
started,bundle,com.altera.sbtgui.integration,11.0.0.208,"com.altera.sbtgui.integration",1633685468192
started,bundle,com.altera.sbtgui.project,11.0.0.208,"com.altera.sbtgui.project",1633685468192
started,bundle,com.altera.systemconsole,11.0.0.208,"com.altera.systemconsole",1633685468193
started,bundle,com.altera.utilities,11.0.0.208,"com.altera.utilities",1633685468193
os,sysinfo,,,"win32",1633685468194
arch,sysinfo,,,"x86",1633685468194
ws,sysinfo,,,"win32",1633685468194
locale,sysinfo,,,"fr_FR",1633685468194
processors,sysinfo,,,"8",1633685468194
java.runtime.name,sysinfo,,,"Java(TM) SE Runtime Environment",1633685468194
java.runtime.version,sysinfo,,,"1.6.0_23-b05",1633685468194
java.specification.name,sysinfo,,,"Java Platform API Specification",1633685468194
java.specification.vendor,sysinfo,,,"Sun Microsystems Inc.",1633685468194
java.specification.version,sysinfo,,,"1.6",1633685468194
java.vendor,sysinfo,,,"Sun Microsystems Inc.",1633685468194
java.version,sysinfo,,,"1.6.0_23",1633685468194
java.vm.info,sysinfo,,,"mixed mode",1633685468194
java.vm.name,sysinfo,,,"Java HotSpot(TM) Client VM",1633685468194
java.vm.specification.name,sysinfo,,,"Java Virtual Machine Specification",1633685468194
java.vm.specification.vendor,sysinfo,,,"Sun Microsystems Inc.",1633685468194
java.vm.specification.version,sysinfo,,,"1.0",1633685468194
java.vm.vendor,sysinfo,,,"Sun Microsystems Inc.",1633685468194
java.vm.version,sysinfo,,,"19.0-b09",1633685468194
started,bundle,com.altera.sbtgui.launch,11.0.0.208,"com.altera.sbtgui.launch",1633685470387
executed,command,org.eclipse.ui,3.6.1.M20100826-1330,"org.eclipse.ui.edit.copy",1633685484086
deactivated,workbench,org.eclipse.ui.workbench,3.6.1.M20100826-1330,"",1633685485760
activated,workbench,org.eclipse.ui.workbench,3.6.1.M20100826-1330,"",1633685502939
executed,command,org.eclipse.ui,3.6.1.M20100826-1330,"org.eclipse.ui.edit.copy",1633685513730
deactivated,workbench,org.eclipse.ui.workbench,3.6.1.M20100826-1330,"",1633685515601
activated,workbench,org.eclipse.ui.workbench,3.6.1.M20100826-1330,"",1633685801622
deactivated,workbench,org.eclipse.ui.workbench,3.6.1.M20100826-1330,"",1633685803303
activated,workbench,org.eclipse.ui.workbench,3.6.1.M20100826-1330,"",1633686948043
deactivated,workbench,org.eclipse.ui.workbench,3.6.1.M20100826-1330,"",1633686949018
activated,workbench,org.eclipse.ui.workbench,3.6.1.M20100826-1330,"",1633686951019
started,bundle,org.eclipse.cdt.mylyn.ui,1.1.3.v20100909-0100-e3x,"org.eclipse.cdt.mylyn.ui",1633686951122
closed,workbench,org.eclipse.ui.workbench,3.6.1.M20100826-1330,"",1633686951158
started,bundle,org.eclipse.compare,3.5.100.I20100526-0800,"org.eclipse.compare",1633686951245
started,bundle,com.altera.sbtgui.core,11.0.0.208,"com.altera.sbtgui.core",1633686951261
stopped,bundle,org.eclipse.cdt.debug.mi.ui,6.1.0.201009141542,"org.eclipse.cdt.debug.mi.ui",1633686951286
stopped,bundle,com.altera.debug.cdi.gdb.plugin,11.0.0.208,"com.altera.debug.cdi.gdb.plugin",1633686951286
stopped,bundle,com.altera.sbtgui.launch,11.0.0.208,"com.altera.sbtgui.launch",1633686951286
stopped,bundle,org.eclipse.cdt.debug.mi.core,7.0.1.201009141542,"org.eclipse.cdt.debug.mi.core",1633686951287
stopped,bundle,org.eclipse.cdt.debug.ui.memory.memorybrowser,1.2.0.201009141542,"org.eclipse.cdt.debug.ui.memory.memorybrowser",1633686951287
stopped,bundle,org.eclipse.cdt.debug.ui.memory.search,1.2.0.201009141542,"org.eclipse.cdt.debug.ui.memory.search",1633686951287
stopped,bundle,org.eclipse.cdt.dsf.gdb.ui,2.1.0.201009141542,"org.eclipse.cdt.dsf.gdb.ui",1633686951288
stopped,bundle,org.eclipse.cdt.dsf.ui,2.1.1.201009141542,"org.eclipse.cdt.dsf.ui",1633686951289
stopped,bundle,org.eclipse.cdt.gdb.ui,7.0.0.201009141542,"org.eclipse.cdt.gdb.ui",1633686951289
stopped,bundle,org.eclipse.cdt.dsf.gdb,3.0.0.201009141542,"org.eclipse.cdt.dsf.gdb",1633686951290
stopped,bundle,com.altera.sbtgui.ui,11.0.0.208,"com.altera.sbtgui.ui",1633686951290
stopped,bundle,com.altera.sbtgui.project,11.0.0.208,"com.altera.sbtgui.project",1633686951290
stopped,bundle,org.eclipse.cdt.launch,6.1.0.201009141542,"org.eclipse.cdt.launch",1633686951291
stopped,bundle,org.eclipse.cdt.debug.ui,7.0.0.201009141542,"org.eclipse.cdt.debug.ui",1633686951291
stopped,bundle,org.eclipse.cdt.debug.ui.memory.traditional,1.2.0.201009141542,"org.eclipse.cdt.debug.ui.memory.traditional",1633686951291
stopped,bundle,org.eclipse.cdt.dsf,2.1.0.201009141542,"org.eclipse.cdt.dsf",1633686951291
stopped,bundle,org.eclipse.cdt.debug.core,7.0.0.201009141542,"org.eclipse.cdt.debug.core",1633686951292
stopped,bundle,org.eclipse.cdt.managedbuilder.ui,7.0.0.201009141542,"org.eclipse.cdt.managedbuilder.ui",1633686951293
stopped,bundle,org.eclipse.cdt.make.ui,7.0.0.201009141542,"org.eclipse.cdt.make.ui",1633686951293
stopped,bundle,org.eclipse.cdt.managedbuilder.gnu.ui,7.0.0.201009141542,"org.eclipse.cdt.managedbuilder.gnu.ui",1633686951293
stopped,bundle,org.eclipse.cdt.managedbuilder.core,7.0.1.201009141542,"org.eclipse.cdt.managedbuilder.core",1633686951293
stopped,bundle,org.eclipse.cdt.make.core,7.0.0.201009141542,"org.eclipse.cdt.make.core",1633686951293
stopped,bundle,org.eclipse.cdt.mylyn.ui,1.1.3.v20100909-0100-e3x,"org.eclipse.cdt.mylyn.ui",1633686951293
activated,perspective,com.altera.sbtgui.ui,,"com.altera.sbtgui.ui.cPerspective",1634291742003
started,bundle,org.eclipse.osgi,3.6.1.R36x_v20100806,"org.eclipse.osgi",1634291742003
started,bundle,org.eclipse.equinox.simpleconfigurator,1.0.200.v20100503,"org.eclipse.equinox.simpleconfigurator",1634291742004
started,bundle,com.ibm.icu,4.2.1.v20100412,"com.ibm.icu",1634291742004
started,bundle,org.eclipse.cdt.core,5.2.1.201009141542,"org.eclipse.cdt.core",1634291742004
started,bundle,org.eclipse.cdt.make.core,7.0.0.201009141542,"org.eclipse.cdt.make.core",1634291742004
started,bundle,org.eclipse.cdt.make.ui,7.0.0.201009141542,"org.eclipse.cdt.make.ui",1634291742005
started,bundle,org.eclipse.cdt.managedbuilder.core,7.0.1.201009141542,"org.eclipse.cdt.managedbuilder.core",1634291742005
started,bundle,org.eclipse.cdt.managedbuilder.gnu.ui,7.0.0.201009141542,"org.eclipse.cdt.managedbuilder.gnu.ui",1634291742006
started,bundle,org.eclipse.cdt.ui,5.2.1.201009141542,"org.eclipse.cdt.ui",1634291742006
started,bundle,org.eclipse.compare.core,3.5.100.I20100526-0800,"org.eclipse.compare.core",1634291742006
started,bundle,org.eclipse.core.contenttype,3.4.100.v20100505-1235,"org.eclipse.core.contenttype",1634291742006
started,bundle,org.eclipse.core.databinding.observable,1.3.0.I20100601-0800,"org.eclipse.core.databinding.observable",1634291742007
started,bundle,org.eclipse.core.expressions,3.4.200.v20100505,"org.eclipse.core.expressions",1634291742007
started,bundle,org.eclipse.core.filebuffers,3.5.100.v20100520-0800,"org.eclipse.core.filebuffers",1634291742007
started,bundle,org.eclipse.core.filesystem,1.3.1.R36x_v20100727-0745,"org.eclipse.core.filesystem",1634291742008
started,bundle,org.eclipse.core.jobs,3.5.1.R36x_v20100824,"org.eclipse.core.jobs",1634291742008
started,bundle,org.eclipse.core.net,1.2.100.I20100511-0800,"org.eclipse.core.net",1634291742008
started,bundle,org.eclipse.core.resources,3.6.0.R36x_v20100825-0600,"org.eclipse.core.resources",1634291742009
started,bundle,org.eclipse.core.runtime,3.6.0.v20100505,"org.eclipse.core.runtime",1634291742009
started,bundle,org.eclipse.core.runtime.compatibility,3.2.100.v20100505,"org.eclipse.core.runtime.compatibility",1634291742009
started,bundle,org.eclipse.core.runtime.compatibility.auth,3.2.200.v20100517,"org.eclipse.core.runtime.compatibility.auth",1634291742010
started,bundle,org.eclipse.core.variables,3.2.400.v20100505,"org.eclipse.core.variables",1634291742010
started,bundle,org.eclipse.debug.core,3.6.0.v20100519,"org.eclipse.debug.core",1634291742011
started,bundle,org.eclipse.epp.usagedata.gathering,1.3.0.R201005261100,"org.eclipse.epp.usagedata.gathering",1634291742011
started,bundle,org.eclipse.epp.usagedata.recording,1.3.0.R201005261100,"org.eclipse.epp.usagedata.recording",1634291742011
started,bundle,org.eclipse.equinox.app,1.3.1.R36x_v20100803,"org.eclipse.equinox.app",1634291742011
started,bundle,org.eclipse.equinox.common,3.6.0.v20100503,"org.eclipse.equinox.common",1634291742012
started,bundle,org.eclipse.equinox.ds,1.2.1.R36x_v20100803,"org.eclipse.equinox.ds",1634291742012
started,bundle,org.eclipse.equinox.event,1.2.0.v20100503,"org.eclipse.equinox.event",1634291742012
started,bundle,org.eclipse.equinox.p2.core,2.0.2.R36x_v20100804,"org.eclipse.equinox.p2.core",1634291742012
started,bundle,org.eclipse.equinox.p2.directorywatcher,1.0.202.R36x_v20100727,"org.eclipse.equinox.p2.directorywatcher",1634291742013
started,bundle,org.eclipse.equinox.p2.engine,2.0.0.v20100606,"org.eclipse.equinox.p2.engine",1634291742013
started,bundle,org.eclipse.equinox.p2.metadata,2.0.0.v20100601,"org.eclipse.equinox.p2.metadata",1634291742013
started,bundle,org.eclipse.equinox.p2.metadata.repository,1.1.0.v20100513,"org.eclipse.equinox.p2.metadata.repository",1634291742013
started,bundle,org.eclipse.equinox.p2.operations,2.0.0.v20100510,"org.eclipse.equinox.p2.operations",1634291742014
started,bundle,org.eclipse.equinox.p2.reconciler.dropins,1.1.0.v20100525,"org.eclipse.equinox.p2.reconciler.dropins",1634291742014
started,bundle,org.eclipse.equinox.p2.repository,2.0.1.R36x_v20100823,"org.eclipse.equinox.p2.repository",1634291742014
started,bundle,org.eclipse.equinox.p2.ui.sdk.scheduler,1.0.0.v20100507-1815,"org.eclipse.equinox.p2.ui.sdk.scheduler",1634291742014
started,bundle,org.eclipse.equinox.p2.updatechecker,1.1.101.R36x_v20100823,"org.eclipse.equinox.p2.updatechecker",1634291742015
started,bundle,org.eclipse.equinox.preferences,3.3.0.v20100503,"org.eclipse.equinox.preferences",1634291742015
started,bundle,org.eclipse.equinox.registry,3.5.0.v20100503,"org.eclipse.equinox.registry",1634291742015
started,bundle,org.eclipse.equinox.security,1.0.200.v20100503,"org.eclipse.equinox.security",1634291742027
started,bundle,org.eclipse.equinox.util,1.0.200.v20100503,"org.eclipse.equinox.util",1634291742027
started,bundle,org.eclipse.help,3.5.0.v20100524,"org.eclipse.help",1634291742028
started,bundle,org.eclipse.jface,3.6.1.M20100825-0800,"org.eclipse.jface",1634291742028
started,bundle,org.eclipse.jsch.core,1.1.200.I20100505-1245,"org.eclipse.jsch.core",1634291742028
started,bundle,org.eclipse.ltk.core.refactoring,3.5.100.v20100526-0800,"org.eclipse.ltk.core.refactoring",1634291742029
started,bundle,org.eclipse.ltk.ui.refactoring,3.5.0.v20100526-0800,"org.eclipse.ltk.ui.refactoring",1634291742029
started,bundle,org.eclipse.mylyn.bugzilla.core,3.4.2.v20100902-0100-e3x,"org.eclipse.mylyn.bugzilla.core",1634291742030
